,title,Year,Quarter,title_sentiment
0,"Apple Will Shine in 2011, if Not as Blindingly",2011,2011Q1,0.9998254179954529
1,"After Apple Says Otherwise, iPhone Alarm Still Remains Silent",2011,2011Q1,-0.9940535426139832
2,Apple Mobile Operating System Still Tops Google Android,2011,2011Q1,0.9972556233406067
3,Apple iPad 2 Rumors Circulate the Web,2011,2011Q1,-0.9330354332923889
4,"Apple, Though Absent, Is a Presence at Electronics Show",2011,2011Q1,-0.9583946466445923
5,Apple Approached Blackstone’s C.F.O. About Potential Job,2011,2011Q1,0.9183898568153381
6,Verizon iPhone Buzz Adds to Apple’s Shares,2011,2011Q1,0.9933962225914001
7,"With Verizon, Will Apple Take a Bite of More Enterprise?",2011,2011Q1,-0.9918841123580933
8,"Jobs Takes Sick Leave at Apple Again, Stirring Questions",2011,2011Q1,0.7546483874320984
9,Apple Needs a Stronger Transfer of Power,2011,2011Q1,-0.9993007183074951
10,A Deep Bench of Leadership at Apple,2011,2011Q1,0.9958498477935791
11,"Celery Root, Potato and Apple Purée",2011,2011Q1,-0.9380543231964111
12,Jobs’s Departure Overshadows Apple Earnings Report,2011,2011Q1,-0.9983543157577515
13,While You Were Out: Apple’s Years With and Without Steve Jobs,2011,2011Q1,0.679931640625
14,Apple’s Strong Holiday Season Lifts Revenue 70%,2011,2011Q1,0.9996763467788696
15,Can Apple Find More Hits Without Its Tastemaker?,2011,2011Q1,-0.9924874305725098
16,Will Apple Put the iPhone on Other Carriers?,2011,2011Q1,-0.9979769587516785
17,The Understudy Takes the Stage at Apple,2011,2011Q1,0.990279495716095
18,Is Apple the Smartest Company at Davos?,2011,2011Q1,0.9922369122505188
19,The Power of the Platform at Apple,2011,2011Q1,0.9996650218963623
20,Apple Moves to Tighten Control of App Store,2011,2011Q1,-0.9964978098869324
21,An Apple E-Book Rule Tightens,2011,2011Q1,-0.982455849647522
22,Apple Patents a Stylus to Reach Students,2011,2011Q1,-0.6124860048294067
23,The Odds of Picking the Next Apple,2011,2011Q1,-0.5824757814407349
24,"Consider an Apple, Consider the World",2011,2011Q1,0.8690800070762634
25,Apple Offers Subscriptions for Apps,2011,2011Q1,0.7499586343765259
26,Apple Says Chinese Supplier Made Changes After Suicides,2011,2011Q1,-0.9868126511573792
27,"With Demolition, Apple Chief Makes Way for House 2.0",2011,2011Q1,-0.9769769906997681
28,Google One Pass vs. Apple iPad Plan,2011,2011Q1,-0.9877045154571533
29,Apple Is Weighing a Cheaper iPhone,2011,2011Q1,-0.9679550528526306
30,Apple Said to Showcase New iPad on March 2,2011,2011Q1,0.9893067479133606
31,Workers Sickened at Apple Supplier in China,2011,2011Q1,-0.9994668364524841
32,Apple Announces an iPad-Related Event,2011,2011Q1,0.995936393737793
33,Apple Announces New MacBook Pros,2011,2011Q1,0.9873204231262207
34,"On Stage and Afterward, Spotlight on Apple in China",2011,2011Q1,0.9961979985237122
35,Apple’s Secrecy Doesn’t Serve Corporate Governance,2011,2011Q1,-0.9996260404586792
36,Is Apple Losing Its Core?,2011,2011Q1,-0.9997606873512268
37,"The Temporary Vegetarian: Vegan Roasted Brussels Sprouts, Butternut Squash and Apple With Candied Walnuts",2011,2011Q1,-0.672431468963623
38,Apple App Users Compete for Nonvirtual Audi A3,2011,2011Q1,-0.9792112708091736
39,If You Bought Apple Stock Instead of Products,2011,2011Q1,-0.9973170161247253
40,Apple Adds Additional Week to iPad Shipping,2011,2011Q1,0.8840508460998535
41,Apple or Pear? Maybe Body Shape Doesn’t Matter,2011,2011Q1,-0.9950103759765625
42,Amazon to Open Android App Store as Apple Sues,2011,2011Q1,-0.994539201259613
43,Some Worry That Success of Apple Is Tied to Japan,2011,2011Q1,0.8691650032997131
44,BlackBerry to Match Apple on the Price of Its Tablet,2011,2011Q1,0.8283613920211792
45,Microsoft + Nokia = a Challenge for Apple,2011,2011Q2,0.6934455037117004
46,Apple Patent Application Shows Second Display,2011,2011Q2,-0.9850119352340698
47,iPad Resellers Now Camp Overnight at Apple Stores,2011,2011Q2,-0.9964304566383362
48,3G Apple iOS Devices Are Storing Users’ Location Data,2011,2011Q2,-0.979800283908844
49,Apple Lifted by Verizon iPhone Deal and Updates of iPad and MacBook,2011,2011Q2,0.9752151966094971
50,A Shopping List for Apple’s Growing War Chest,2011,2011Q2,-0.5940634608268738
51,Inquiries Grow Over Apple’s Data Collection Practices,2011,2011Q2,0.9512017965316772
52,Apple and Google Use Phone Data to Map the World,2011,2011Q2,-0.7353261709213257
53,Jobs Says Apple Made Mistakes With iPhone Data,2011,2011Q2,-0.9993441700935364
54,Wrapping Up the Apple Location Brouhaha,2011,2011Q2,0.8745185136795044
55,Pogue’s Posts: Wrapping Up the Apple Location Brouhaha,2011,2011Q2,-0.8545486927032471
56,Lenovo Aims a Campaign at the Apple Crowd,2011,2011Q2,0.9313803911209106
57,Apple Updates Software to Fix Problems With Collecting Location Data,2011,2011Q2,-0.9974368214607239
58,Nuance Shares Spike on Talk of Apple Deal,2011,2011Q2,0.8858298659324646
59,Congress Hears From Apple and Google on Privacy,2011,2011Q2,-0.5064329504966736
60,Apple and Google Executives Testify on Mobile Privacy,2011,2011Q2,-0.8530913591384888
61,Apple Is Called Poised to Offer ‘Cloud’ Music,2011,2011Q2,0.9868841171264648
62,"Explosion at Apple Supplier Caused by Dust, China Says",2011,2011Q2,-0.99856036901474
63,Apple Operating System Affected by Malware,2011,2011Q2,-0.9992930889129639
64,Jobs to Unveil Apple’s ‘Next Generation’ Software,2011,2011Q2,0.9958266615867615
65,Why Did Apple Pre-Announce Its Announcement?,2011,2011Q2,-0.998572826385498
66,"In Unusual Move, Apple Previews New Software Plans",2011,2011Q2,0.9884500503540039
67,Apple Issues Fix to Combat Malware,2011,2011Q2,-0.9957748055458069
68,Deals Move Apple Closer to Streaming Music,2011,2011Q2,0.9965597987174988
69,Apple Patents Way to Prevent Concert Piracy,2011,2011Q2,-0.991412878036499
70,Live Blogging Apple’s iCloud Announcement,2011,2011Q2,-0.977418839931488
71,Which Apps Are Threatened by Apple’s Upgrades?,2011,2011Q2,-0.9994902610778809
72,Apple Unveils ‘Cloud’ Music and Storage Service,2011,2011Q2,0.9502076506614685
73,Apple Sounds the PC Death Knell,2011,2011Q2,-0.9879540205001831
74,Sorting Through Apple’s Many Announcements,2011,2011Q2,-0.996467113494873
75,"New Apple Software Treads on Apps, but Developers Remain Untroubled",2011,2011Q2,-0.9899895191192627
76,Apple iCloud May Not Be a Threat to Online-Storage Services,2011,2011Q2,-0.9905966520309448
77,How Apple Can Make Money From Higher-Quality Songs,2011,2011Q2,0.9010093808174133
78,Apple Will Reject D.U.I. Checkpoint Apps,2011,2011Q2,-0.9990139007568359
79,Apple Gives Publishers a Sales Break,2011,2011Q2,0.9948423504829407
80,Apple Will Reject D.U.I. Checkpoint Apps,2011,2011Q2,-0.9990139007568359
81,Nokia Settles 2-Year Fight With Apple on Patents,2011,2011Q2,-0.9712713956832886
82,Apple Stores Chief to Take the Helm at J.C. Penney,2011,2011Q2,0.9883015751838684
83,Apple’s Hype Envelops Penney,2011,2011Q2,0.9188920855522156
84,Apple’s Final Cut Is Dead. Long Live Final Cut.,2011,2011Q2,-0.9993865489959717
85,Apple Removes Intifada App From Store,2011,2011Q2,-0.9960070252418518
86,Apple and Microsoft Beat Google for Nortel Patents,2011,2011Q3,-0.9553227424621582
87,Hackers Claim Small Breach on Apple Site,2011,2011Q3,-0.9981960654258728
88,Executive Pleads Guilty to Leaking Apple Secrets,2011,2011Q3,-0.9829553961753845
89,Apple Customers Have Downloaded 15 Billion Apps,2011,2011Q3,0.9652906060218811
90,Strong Sales Help Extend Apple Streak,2011,2011Q3,0.9997404217720032
91,The Rise of the Fake Apple Store,2011,2011Q3,-0.9996241331100464
92,World’s Most Valuable Company? Apple Has $50 Billion to Go,2011,2011Q3,0.9688324928283691
93,Apple and Its Cash Hoard,2011,2011Q3,-0.983553409576416
94,Fake Apple Stores Get Fake News Video,2011,2011Q3,-0.9994238615036011
95,Will Apple Pay Up for Hulu?,2011,2011Q3,-0.9871960878372192
96,"In China, Apple Finds a Sweet Spot",2011,2011Q3,0.9995379447937012
97,More Crowded Crowds: Grand Central to Welcome Apple and Shake Shack,2011,2011Q3,0.9908307790756226
98,City Room: Apple’s Plans for Grand Central Terminal,2011,2011Q3,0.9589866399765015
99,Raisin-Hater’s Apple Chile Chutney,2011,2011Q3,-0.9939285516738892
100,Apple Reveals iCloud Details and Pricing,2011,2011Q3,-0.944404125213623
101,E.P.A. Is ‘Greening the Apple’,2011,2011Q3,-0.8035372495651245
102,Apple Closer to Most Valuable Company Title,2011,2011Q3,0.99724280834198
103,Pssst. Wanna Know About the New Apple Store?,2011,2011Q3,-0.9981721639633179
104,Apple Is the Most Valuable Company,2011,2011Q3,0.9998328685760498
105,Apple May Be Underpriced,2011,2011Q3,-0.9992609620094299
106,"Briefly, Apple Reigns as the Most Valuable Company",2011,2011Q3,0.9959800243377686
107,A Peek at Apple’s Plans for Grand Central Store,2011,2011Q3,0.9966861605644226
108,Bits Pics: Inside Apple’s New Grand Central Store,2011,2011Q3,-0.850619912147522
109,Q&A: Updating an Apple TV,2011,2011Q3,0.9968132376670837
110,Q&A: Making Apple’s New Mail Program Look Old Again,2011,2011Q3,-0.9994972944259644
111,Jobs Steps Down From Chief Executive Post at Apple,2011,2011Q3,-0.996849000453949
112,"With Departure of Jobs, Will Apple Warm to Deal-Making?",2011,2011Q3,-0.6350895166397095
113,Steven P. Jobs Leaves Chief Executive Role at Apple,2011,2011Q3,-0.9982885718345642
114,"Jobs Steps Down at Apple, Saying He Can’t Meet Duties",2011,2011Q3,-0.999691367149353
115,"Without Its Master of Design, Apple Will Face Many Challenges",2011,2011Q3,-0.9989088773727417
116,"Steven P. Jobs, Apple's Innovator",2011,2011Q3,0.997650682926178
117,Steven P. Jobs Leaves Chief Executive Role at Apple,2011,2011Q3,-0.9982885718345642
118,Imagining Apple Without Steve Jobs,2011,2011Q3,-0.9706379175186157
119,Apple’s New Chief E-Mails His Staff,2011,2011Q3,0.7482530474662781
120,Will Apple Remain a Hedge Fund Favorite?,2011,2011Q3,-0.7327299118041992
121,"Big Shoes at Apple, but Maybe Not Unfillable",2011,2011Q3,-0.9568124413490295
122,Apple’s New Chief Gets a Million Shares,2011,2011Q3,0.9971606731414795
123,Bloggingheads: Has Apple Peaked?,2011,2011Q3,-0.9939486980438232
124,Apple Ends Its TV Episode Rental Service,2011,2011Q3,-0.9981295466423035
125,Apple Cited as Adding to Pollution in China,2011,2011Q3,-0.9926003813743591
126,Long-Time iTunes Chief Moves Up at Apple,2011,2011Q3,0.9928070306777954
127,Apple’s Unusual Hunt for a Missing iPhone,2011,2011Q3,-0.9970340728759766
128,Apple Seeking Product Security Manager,2011,2011Q3,-0.986368715763092
129,Game That Critiques Apple Vanishes From App Store,2011,2011Q3,-0.9992770552635193
130,New Evidence for an Apple a Day,2011,2011Q3,-0.8640496730804443
131,Apple Brings Back Final Cut 7,2011,2011Q3,0.9938803911209106
132,Red Apple Complaint,2011,2011Q3,-0.9994088411331177
133,"Without Jobs, Apple Shares Hit All-Time High",2011,2011Q3,-0.9882198572158813
134,What We’re Reading: Things Apple Is Worth More Than,2011,2011Q3,0.9996507167816162
135,Apple Restores Some Final Cut Features,2011,2011Q3,0.9882458448410034
136,Apple to Announce New iPhone,2011,2011Q3,0.9908897280693054
137,Amazon Takes Aim at Apple’s iPad,2011,2011Q3,-0.993195652961731
138,Adobe’s Announcement Competes With Apple’s,2011,2011Q3,0.9599235653877258
139,"Before Latest Phone Debut, Apple Has Harsher Competition",2011,2011Q4,-0.9956725835800171
140,Apple Unveils iPhone 4S With Voice-Recognition Features,2011,2011Q4,0.9461851716041565
141,The iPhone 4S Is as Much About Google as Apple,2011,2011Q4,-0.8658366203308105
142,Siri and Apple’s Future,2011,2011Q4,0.9995903372764587
143,Apple’s fall product announcements; rumors vs. reality for the iPhone 4s; tech news,2011,2011Q4,-0.9943513870239258
144,"Apple, Meet Facebook. Facebook, Meet Apple.",2011,2011Q4,0.9941609501838684
145,"Jobs, Apple Co-Founder and Visionary, Is Dead",2011,2011Q4,-0.9994292855262756
146,Apple’s Visionary Redefined Digital Age,2011,2011Q4,0.9996297359466553
147,A Tough Balancing Act Remains Ahead for Apple,2011,2011Q4,0.998012900352478
148,"On Apple’s Campus, Shock and Sadness",2011,2011Q4,0.8811207413673401
149,Building Apple’s Business,2011,2011Q4,0.9983415603637695
150,Apple Innovations Include Start of Big-Budget Super Bowl Ads,2011,2011Q4,0.9966465830802917
151,Apple’s Many Competitive Fronts,2011,2011Q4,0.9984099864959717
152,My Muse Was an Apple Computer,2011,2011Q4,-0.9344417452812195
153,Apple’s Longtime Ad Partner Reflects on Jobs,2011,2011Q4,0.9984613656997681
154,Disappointment? Apple’s iPhone 4S Breaks Sales Records,2011,2011Q4,-0.9988211989402771
155,Apple Plans Jobs Remembrance,2011,2011Q4,0.9958569407463074
156,"Snubbed by Apple, T-Mobile Looks Beyond the iPhone",2011,2011Q4,-0.7263241410255432
157,A Look at Apple’s iCloud,2011,2011Q4,0.9965971112251282
158,"Apple’s Profit Gains 54%, but iPhone Sales Fall Short of Expectations",2011,2011Q4,-0.9927595853805542
159,Apple Stores Shut Down for Jobs Event,2011,2011Q4,-0.9995512366294861
160,Hints of Apple Plans in Jobs Book,2011,2011Q4,0.9883008003234863
161,Making the iBio for Apple’s Genius,2011,2011Q4,0.9995818734169006
162,Apple’s Lower Prices Are All Part of the Plan,2011,2011Q4,-0.9648083448410034
163,Apple Posts Video From Steve Jobs Tribute,2011,2011Q4,0.8944453001022339
164,Ex-Apple Leaders Push the Humble Thermostat Into the Digital Age,2011,2011Q4,0.9716662764549255
165,Diwali in the Big Apple,2011,2011Q4,0.7660564184188843
166,What’s Really Next for Apple in Television,2011,2011Q4,0.9954337477684021
167,Free-Form Apple Tart,2011,2011Q4,-0.9940052628517151
168,The Minimalist: Free-Form Apple or Pear Tart,2011,2011Q4,-0.9872315526008606
169,Apple Admits Software Bugs Hurting Battery Life in iPhone,2011,2011Q4,-0.9996486902236938
170,Big Apple Circus,2011,2011Q4,-0.977081835269928
171,Apple Doles Out Stock to Keep Top Executives,2011,2011Q4,-0.9872769713401794
172,Pursuing a Piracy Claim Against Apple,2011,2011Q4,-0.9958462119102478
173,Apple Takes iTunes to Other Kinds of Payments,2011,2011Q4,-0.9839214086532593
174,Apple’s AssistiveTouch Helps the Disabled Use a Smartphone,2011,2011Q4,-0.6818857789039612
175,Q&A: An Apple Software Error on a Windows System,2011,2011Q4,-0.9994625449180603
176,Apple Uses Over-the-Air Software Update,2011,2011Q4,-0.9949122667312622
177,Net Migration: A Bigger Apple,2011,2011Q4,0.9979860782623291
178,"Once Wary, Apple Warms Up to Business Market",2011,2011Q4,0.9985942244529724
179,Daily Report: Apple Now Wants Your Workplace,2011,2011Q4,0.5490792393684387
180,Apple Makes Changes to Its Board,2011,2011Q4,0.9944462776184082
181,Apple Appoints New Chairman and Elects Disney’s Chief to Board,2011,2011Q4,0.9968491196632385
182,What Are the Best Apples for Apple Pie?,2011,2011Q4,0.9985937476158142
183,What Are the Best Apples for Apple Pie?,2011,2011Q4,0.9985937476158142
184,Apple Releases iOS Update With Fix for Battery Drain,2011,2011Q4,-0.9938633441925049
185,"With iPad Boost, Apple Set to Become Top PC Vendor",2011,2011Q4,0.9950276017189026
186,Tailgating Recipes: Mini Mile-High Apple Pies,2011,2011Q4,-0.9925782084465027
187,Samsung Pokes Fun at Apple in Phone Ad,2011,2011Q4,0.8248673677444458
188,Using Apple’s Find My Mac Feature,2011,2011Q4,-0.9536445140838623
189,A Look at Apple’s Spot-the-Shopper Technology,2011,2011Q4,0.9992117881774902
190,"Google and Apple Are Both Winners in Mobile Race, Report Says",2011,2011Q4,0.9944211840629578
191,A Hard Cider From an Heirloom Apple,2011,2011Q4,0.974601686000824
192,Apple’s Siri Stumbles Over an Abortion Question,2011,2011Q4,-0.9996728897094727
193,Apple Says Siri’s Abortion Answers Are a Glitch,2011,2011Q4,-0.9992326498031616
194,"Apple, and Planet, Low on Cats",2011,2011Q4,-0.9672078490257263
195,Apple Readies New Store in Grand Central,2011,2011Q4,-0.9402413964271545
196,"For the Big Apple, a Gift That Grows",2011,2011Q4,0.9998341798782349
197,Samsung Wins a Round in Patent Fight With Apple,2011,2011Q4,0.9406321048736572
198,"Sweet Potato Soup With Ginger, Leek and Apple",2011,2011Q4,0.8665779232978821
199,Apple App Makers on Edge for Holidays,2011,2011Q4,0.9624605774879456
200,U.S. Backs Apple in Patent Ruling That Hits Google,2011,2011Q4,-0.8765935301780701
201,Daily Report: Apple’s Victory in Patent Ruling Hits Google,2011,2011Q4,0.9959164261817932
202,Miso-and-Apple-Glazed Baked Ham,2011,2011Q4,-0.9959620833396912
203,Microsoft Follows Apple With Victory Against Android,2011,2011Q4,0.9964278340339661
204,Apple Patents and Audio Gear Galore,2011,2011Q4,0.7793989181518555
205,The iKnight: Apple’s Jonathan Ive Gets British Honor,2011,2011Q4,0.9992796778678894
206,Bacon-and-Apple Quiche With Flaky Pie Crust,2012,2012Q1,-0.9797601103782654
207,Apple-Stuffed Pork Loin With Moroccan Spices,2012,2012Q1,0.5498831868171692
208,An Apple a Day,2012,2012Q1,0.9962750673294067
209,Apple Aims to Take On the Textbook Market,2012,2012Q1,-0.9507072567939758
210,Living Up to Apple’s Standards,2012,2012Q1,0.9995705485343933
211,No Holiday Cheer for PC Makers — Except Apple,2012,2012Q1,-0.9893386960029602
212,"In a Test, Target Plans to Add an Apple ‘Store’ Inside 25 Stores",2012,2012Q1,-0.9920868277549744
213,All iPhone Sales Suspended at Apple Stores in China,2012,2012Q1,-0.9991853833198547
214,Video of Skirmishes at Apple Store in Beijing,2012,2012Q1,-0.9921338558197021
215,Apple Lists Its Suppliers for 1st Time,2012,2012Q1,0.9932810664176941
216,Beyond Apple Pie,2012,2012Q1,0.9926727414131165
217,Digital Textbooks From a Company Not Named Apple,2012,2012Q1,-0.9923082590103149
218,Apple Introduces Tools to (Someday) Supplant Print Textbooks,2012,2012Q1,0.9975646734237671
219,Reading the Fine Print on Apple’s Book-Making Software,2012,2012Q1,0.9976200461387634
220,Apple And Agglomeration,2012,2012Q1,0.7060297131538391
221,Charles Duhigg Responds to Readers on Apple and the iEconomy,2012,2012Q1,0.9960874319076538
222,Apple’s Profit Doubles on Holiday iPhone 4S Sales,2012,2012Q1,-0.9751852750778198
223,Daily Report: Apple’s Profit Soars,2012,2012Q1,0.9994571805000305
224,Apple and Verizon Earnings Underscore the Power of the iPhone,2012,2012Q1,0.9952844977378845
225,Poll: Apple Products,2012,2012Q1,-0.8850467801094055
226,Poll Finds Consumer Confusion on Where Apple Devices Are Made,2012,2012Q1,-0.9993491768836975
227,"Apple, Electronics and Environmental Ills",2012,2012Q1,-0.999395489692688
228,Macworld Conference Carries On Without Apple,2012,2012Q1,-0.9961554408073425
229,Apple in China: Has iOrwell Arrived?,2012,2012Q1,-0.9908628463745117
230,"Apple Becomes World’s Biggest Maker of Computers, Thanks to iPad",2012,2012Q1,0.9992849230766296
231,Apple Hires an Outsider to Supervise Retail Stores,2012,2012Q1,-0.9944939017295837
232,Connecting the Dots: Mapping Apple’s Development and Manufacturing Process,2012,2012Q1,0.9969620108604431
233,Apple Fights App Makers Who Try to Game the System,2012,2012Q1,-0.9945716261863708
234,How Sonos Outshines Apple in Home Audio,2012,2012Q1,-0.9956488013267517
235,"Apple Stock’s Lofty Heights, in Context",2012,2012Q1,0.998813271522522
236,Apple May Announce an iPad Upgrade in March,2012,2012Q1,0.7873976230621338
237,"One on One: Adam Lashinsky, Author of ‘Inside Apple’",2012,2012Q1,0.9889306426048279
238,"Like the Apple Store Nearby, but This One Has Windows",2012,2012Q1,0.9503446817398071
239,"Apple Shares Close Above $500, Breaking More Records",2012,2012Q1,0.9953662157058716
240,Apple Asks Outside Group to Inspect Factories,2012,2012Q1,-0.9841381907463074
241,Critics Question Record of Monitor Selected by Apple,2012,2012Q1,-0.9596751928329468
242,Inspections Begin at Chinese Plant Making Apple Products,2012,2012Q1,-0.9769589304924011
243,The Breakfast Meeting: Apple Begins Inspections and Lin Scores for MSG,2012,2012Q1,-0.9902424216270447
244,Daily Report: Apple Asks Outside Group to Inspect Factories,2012,2012Q1,-0.9927559494972229
245,Apple Chief Unveils a New Product: Himself,2012,2012Q1,0.9972400665283203
246,"Apple Became Top Smartphone Maker in 2011, Gartner Says",2012,2012Q1,0.9980807304382324
247,Apple Pie,2012,2012Q1,0.9714409112930298
248,Daily Report: Apple Previews New Mac Operating System,2012,2012Q1,-0.8578199744224548
249,Apple’s Mountain Lion Makes the Mac More Like the iPad,2012,2012Q1,-0.9786725044250488
250,Apple Aims to Tie the Mac More Tightly to iPad and iPhone,2012,2012Q1,-0.5133375525474548
251,New Apple Operating System Aims to Knit Together Its Products,2012,2012Q1,0.9716570973396301
252,Apple’s New Security Features for the Mac,2012,2012Q1,-0.5126559734344482
253,Apple Defends Rights to iPad Name in Shanghai Court,2012,2012Q1,-0.9327309131622314
254,Daily Report: Apple Defends iPad Name in China,2012,2012Q1,-0.9935465455055237
255,"Apple, Google and Others in Agreement on App Privacy",2012,2012Q1,0.9575383067131042
256,Apple Plans New Data Center in Oregon,2012,2012Q1,0.7116288542747498
257,Apple Case in Shanghai Is Suspended,2012,2012Q1,-0.9994298815727234
258,"At Apple Conclave, Nothing but Good News",2012,2012Q1,0.9996472597122192
259,New From Apple! The iStove!,2012,2012Q1,0.996926486492157
260,New From Apple! The iStove!,2012,2012Q1,0.996926486492157
261,Apple’s Lead in Smartphones Is Not Guaranteed,2012,2012Q1,-0.9996298551559448
262,Huawei Takes On Apple and Samsung With the Ascend,2012,2012Q1,0.9990972280502319
263,Apple Confirms March 7 Event for New iPad,2012,2012Q1,0.9876906871795654
264,Apple Loophole Gives Developers Access to Photos,2012,2012Q1,0.7600549459457397
265,Apple’s Job Creation Data Spurs an Economic Debate,2012,2012Q1,0.9940333962440491
266,Daily Report: How Many Jobs Has Apple Created?,2012,2012Q1,-0.9948437213897705
267,Apple and Google to Meet With Senator Over Privacy,2012,2012Q1,0.7131511569023132
268,Former Apple Executive Plots Next Wave of Mobile Ads,2012,2012Q1,-0.5136771202087402
269,Dividends Emerge in Pressing Apple Over Working Conditions in China,2012,2012Q1,-0.9869703054428101
270,Updates From Apple’s Unveiling of the New iPad,2012,2012Q1,0.8987001180648804
271,Apple Adds Sharper Screen and Speed to New iPad,2012,2012Q1,0.9967674016952515
272,What LTE Means for Apple and the Wireless Industry,2012,2012Q1,0.9934313893318176
273,There Are Three Kinds of Apple Events,2012,2012Q1,0.9933104515075684
274,Daily Report: Apple Is Facing Warning on Book Prices,2012,2012Q1,-0.9983161687850952
275,Congress Presses Apple on App Privacy,2012,2012Q1,-0.9192668795585632
276,"Fiona Apple Returns, Still Enraged and Self-Lacerating",2012,2012Q1,-0.9804733991622925
277,"For Apple, Pressure Builds Over App Store Fraud",2012,2012Q1,-0.9966750144958496
278,Apple and Google: Redwoods in the Web Garden,2012,2012Q1,0.9647922515869141
279,‘This American Life’ Retracts Episode on Apple’s Suppliers in China,2012,2012Q1,-0.9933931231498718
280,Apple Says It Will Announce a Decision About Its Cash,2012,2012Q1,0.9388319253921509
281,Apple’s Big Cash Pile: The Odds Are Against a Big Deal,2012,2012Q1,-0.9986465573310852
282,"Flush With Cash, Apple Plans Buyback and Dividend",2012,2012Q1,-0.969167172908783
283,"Apple Elevates Markets, Especially the S.&P. 500",2012,2012Q1,0.9997305274009705
284,Daily Report: Apple Announces a Dividend,2012,2012Q1,-0.9122740626335144
285,Apple Sells 3 Million New iPads in First Weekend,2012,2012Q1,0.980888307094574
286,RIM’s BlackBerry Dethroned by Apple on Its Home Turf,2012,2012Q1,-0.9947121143341064
287,Video: Tebow Joins the Big Apple Circus,2012,2012Q1,0.9645388722419739
288,Today’s Scuttlebot: Apple Buyback Math and Pictures of Desolation,2012,2012Q1,-0.9969798922538757
289,Lawmakers Ask Apple App Makers About Privacy,2012,2012Q1,-0.8903312087059021
290,Fiona Apple Performs,2012,2012Q1,0.9988154172897339
291,Fiona Apple Returns to the Faithful,2012,2012Q1,0.9996806383132935
292,Mike Daisey Apologizes for Falsehoods in Monologue About Apple,2012,2012Q1,-0.9971873164176941
293,Apple’s Chief Visits iPhone Factory in China,2012,2012Q1,-0.839949369430542
294,"The Breakfast Meeting: News Corp. in the News, and Apple’s Chief in China",2012,2012Q1,0.9907951951026917
295,"With Tablet Plan, Google Goes After Apple and Amazon",2012,2012Q1,-0.9577215909957886
296,Apple’s Chief Puts Stamp on Labor Issues,2012,2012Q2,0.9291282296180725
297,Daily Report: Fixing Apple’s Supply Lines,2012,2012Q2,-0.9981926083564758
298,"The Breakfast Meeting: What Olbermann Wrought, and Recalling Apple’s ‘1984’",2012,2012Q2,0.9997163414955139
299,Working Conditions at Apple’s Overseas Factories,2012,2012Q2,0.7292452454566956
300,Justice Dept. Sues Apple and Publishers Over E-Book Pricing; 3 Publishers Settle,2012,2012Q2,-0.9981566071510315
301,Roche: Illumina Is No Apple,2012,2012Q2,-0.9995854496955872
302,Apple’s Former Patent Chief Joins Nest Labs,2012,2012Q2,-0.9188852310180664
303,Apple Not Likely to Be a Loser in the E-Book Legal Fight,2012,2012Q2,0.547517716884613
304,Parents’ Fight With Apple Over ‘Bait Apps’ Moves Forward,2012,2012Q2,0.9980560541152954
305,The Apple Pushers,2012,2012Q2,-0.9977543950080872
306,Former Apple Executive Blends Genres with iPad,2012,2012Q2,0.9908798933029175
307,Apple Profit Rises on Higher iPhone and iPad Sales,2012,2012Q2,0.8973236083984375
308,Tim Cook Spells Out the Rapid Growth of Apple’s iPad,2012,2012Q2,0.9983939528465271
309,Greenpeace Protests Apple’s Energy Practices By Releasing Balloons,2012,2012Q2,-0.9928470253944397
310,Apple Chief’s Offhand Comment Spawns Internet Quip,2012,2012Q2,-0.9596612453460693
311,Daily Report: Apple’s Profit Rises on iPhone Sales,2012,2012Q2,0.9671716094017029
312,Business Day Live: Apple’s Profit Soars on Sales in China,2012,2012Q2,0.9995871186256409
313,"Today’s Scuttlebot: Silicon Valley Sexism, and Apple After Jobs",2012,2012Q2,-0.9951286315917969
314,Apple’s Havens: A World of Subsidiaries,2012,2012Q2,0.9976796507835388
315,Apple’s Response on Its Tax Practices,2012,2012Q2,-0.9740561842918396
316,How Apple Sidesteps Billions in Taxes,2012,2012Q2,-0.9626290202140808
317,Apple’s Tax Strategies Come to Light,2012,2012Q2,0.9690359830856323
318,Business Day Live: How Apple Sidesteps Billions in Taxes,2012,2012Q2,0.9971801042556763
319,‘Apple Green’ Is a Hard Sell With Livery Drivers,2012,2012Q2,-0.9926088452339172
320,A Green Apple Taxi,2012,2012Q2,0.9919832348823547
321,Today’s Scuttlebot: Apple Security and Kickstarter Flops,2012,2012Q2,-0.9997836947441101
322,"What Apple Pays in Taxes, and Doesn’t",2012,2012Q2,-0.9685750603675842
323,Apple Updates iOS 5.1,2012,2012Q2,-0.7014911770820618
324,Head of Time Warner Cable Is Unfamiliar With Apple’s AirPlay,2012,2012Q2,-0.9994921684265137
325,"Today’s Scuttlebot: Virtual Robbery, and Tracking Apple Rumors",2012,2012Q2,-0.9966620206832886
326,"Smule, Early Apple App Star, Finally Tries Android",2012,2012Q2,-0.6704323887825012
327,Facebook vs. Apple,2012,2012Q2,-0.9748945832252502
328,Kodak Loses Patent Case Against Apple and RIM,2012,2012Q2,-0.9992761015892029
329,Facebook Releases a Photocentric App for Apple Devices,2012,2012Q2,-0.9495656490325928
330,Apple Strikes Back at Government E-Book Lawsuit,2012,2012Q2,-0.9969555139541626
331,"Apple’s Tim Cook on Steve Jobs, Leadership and Manufacturing",2012,2012Q2,0.9962028861045837
332,Fiona Apple Faces Outward,2012,2012Q2,0.9858691692352295
333,"Mike Daisey Returns to the Apple Story, With Journalists as Targets",2012,2012Q2,0.9278207421302795
334,Today’s Scuttlebot: Piracy Negotiations and Apple’s Smart Move,2012,2012Q2,0.9979709982872009
335,"Rounding Up Apple Conference Chatter, From Maps to TV Apps",2012,2012Q2,0.9272067546844482
336,Google Schools Apple on Maps,2012,2012Q2,0.8866711854934692
337,App Smart Extra: What Apple and Google Get Right,2012,2012Q2,0.9972299933433533
338,Apple Buddies Up With Cheaper Wireless Partners for iPhone,2012,2012Q2,-0.9490660429000854
339,"Google Outsells, but Apple Cultivates Loyalty of App Developers",2012,2012Q2,0.9992423057556152
340,Daily Report: App Developers Stick With Apple,2012,2012Q2,-0.9916878342628479
341,Updates From Apple’s Conference Keynote,2012,2012Q2,0.9636812210083008
342,Is Apple Splitting the Baby?,2012,2012Q2,-0.9946409463882446
343,Apple Updates Laptops and Mobile Software,2012,2012Q2,-0.8725653886795044
344,Apple Puts Your Wallet in the iPhone,2012,2012Q2,-0.933809757232666
345,Apple Steps Further Into the Business Market,2012,2012Q2,0.9978083968162537
346,Apple’s Stash of Credit Card Numbers Is Its Secret Weapon,2012,2012Q2,-0.9919226169586182
347,An Explanation of the News From Apple,2012,2012Q2,0.9743682146072388
348,"At Apple Keynote, Talk Is of Products, Not Steve Jobs or Tim Cook",2012,2012Q2,-0.987043023109436
349,Apple Doubles Down on China,2012,2012Q2,0.9956678152084351
350,Daily Report: It’s Another Apple Day,2012,2012Q2,0.9917173981666565
351,"The Breakfast Meeting: Apple Ditches Google Maps, and You Really Liked ‘Cop and a Half’?",2012,2012Q2,-0.9979475140571594
352,Apple’s Mapping Feature Wins Raves,2012,2012Q2,0.999735414981842
353,Time Inc. to Sell Its Magazines on Apple’s Newsstand,2012,2012Q2,-0.9959418177604675
354,Pondering the Rest of the Apple Announcements,2012,2012Q2,-0.9917899370193481
355,"‘Top Gear,’ Stig-less on Apple’s Screens",2012,2012Q2,-0.9948651194572449
356,Microsoft and Samsung Try Out Apple’s Secret Sauce,2012,2012Q2,-0.948371946811676
357,Apple and Google Go Head to Head Over Mobile Maps,2012,2012Q2,-0.7899835109710693
358,Daily Report: Apple Takes On Google in Maps,2012,2012Q2,0.7664633989334106
359,Sonos Gets Boost From Former Apple Executives and Other Investors,2012,2012Q2,0.9995960593223572
360,Apple’s Maps Don’t Look So Bad,2012,2012Q2,0.9928556084632874
361,Q&A: Changing Your Apple ID E-Mail Address,2012,2012Q2,-0.9871914386749268
362,"Flipboard, Another Apple Darling, Expands to Android",2012,2012Q2,0.998576283454895
363,Today’s Scuttlebot: A Swiping App and Black Market Apple,2012,2012Q2,-0.9976255297660828
364,"Apple’s Retail Army, Long on Loyalty but Short on Pay",2012,2012Q2,-0.9962525367736816
365,Business Day Live | Apple Stores,2012,2012Q2,0.9772880673408508
366,Apple Tweaks Its ‘We’re Safe’ Message and Antivirus Makers Take Notice,2012,2012Q2,-0.7831394076347351
367,Today’s Scuttlebot: Apple Stores and Smartphone Stupidity,2012,2012Q2,-0.9996683597564697
368,The Apple Paycheck,2012,2012Q2,0.7903958559036255
369,Apple Settles an iPad Dispute in China,2012,2012Q3,-0.9736542701721191
370,Today’s Scuttlebot: YouTube 301 and Apple Obsession,2012,2012Q3,-0.9964545965194702
371,Olympus and Apple Join Google With Wearable Computing,2012,2012Q3,0.9757762551307678
372,Apple Is the Heavyweight in Many Fund Portfolios,2012,2012Q3,0.9982985854148865
373,"Amid the Moguls, Apple’s Cook Stands Out",2012,2012Q3,0.9997389912605286
374,Greenpeace Urges Apple to Think Cleaner,2012,2012Q3,-0.9931286573410034
375,Apple Backtracks on Withdrawal From Environmental Ratings,2012,2012Q3,-0.9978927969932556
376,"With Apple’s Siri, a Romance Gone Sour",2012,2012Q3,-0.9997386336326599
377,"As Tablet Race Heats Up, Apple May Try Smaller Device",2012,2012Q3,-0.9870620369911194
378,"Daily Report: As Tablet Race Heats Up, Apple May Try Smaller Device",2012,2012Q3,-0.9891594052314758
379,Google’s Data Advantage Over Apple’s Siri,2012,2012Q3,0.9932485818862915
380,Judge Tells Apple to Advertise a Win for Samsung,2012,2012Q3,-0.9342553615570068
381,Google to Apple: We’ve Got Mail!,2012,2012Q3,-0.97633296251297
382,Kodak Loses Patent Suit Against Apple and RIM,2012,2012Q3,-0.9993064403533936
383,Softer Sales of iPhones Hurt Apple,2012,2012Q3,-0.9996355772018433
384,The Payout in an Apple Upgrade,2012,2012Q3,-0.9861916303634644
385,Daily Report: Softer Sales of iPhones Hurt Apple Earnings,2012,2012Q3,-0.9997125267982483
386,TimesCast Tech: Apple’s Earnings and Mountain Lion,2012,2012Q3,0.9908913969993591
387,Critics’ Consensus: Apple’s Mountain Lion Is Worth the Upgrade,2012,2012Q3,0.9997556805610657
388,"Apple v. Samsung Electronics: The Patent War Claims, Uncut",2012,2012Q3,-0.9942447543144226
389,From Black Hat: Apple’s Debut Falls Short,2012,2012Q3,-0.9996110796928406
390,Apple to Acquire AuthenTec for $356 Million,2012,2012Q3,0.8868826627731323
391,Apple Files Another Wearable Computing Patent,2012,2012Q3,-0.9973594546318054
392,Apple Officials Said to Consider Stake in Twitter,2012,2012Q3,-0.9268147945404053
393,Apple-Samsung Patent Battle Shifts to Trial,2012,2012Q3,0.6646733283996582
394,One of Apple’s Best Ideas Ever — Made Worse,2012,2012Q3,-0.999319314956665
395,Daily Report: Testing the Strength of Apple’s Patents,2012,2012Q3,0.9692597985267639
396,State Says M.T.A.’s Dealing on Apple Store Was Unfair,2012,2012Q3,-0.9996871948242188
397,Apple’s New iPhone Is Said to Be Set for September Debut,2012,2012Q3,0.9196849465370178
398,Suggestions for an Apple Shopping List,2012,2012Q3,-0.8129698038101196
399,Design and Drama Mark First Day in Apple-Samsung Trial,2012,2012Q3,0.5260146856307983
400,Apple’s Quiet Deal for AuthenTec,2012,2012Q3,0.8370788097381592
401,Apple AirPlay and the Window of Obsolescence,2012,2012Q3,-0.9581953287124634
402,Apple’s Schiller Testifies in Smartphone Patent Trial,2012,2012Q3,-0.9514153003692627
403,"Disruptions: At Its Trial, Apple Spills Some Secrets",2012,2012Q3,-0.9976239800453186
404,Apple Account Break-In Highlights Security Weakness,2012,2012Q3,-0.9964818954467773
405,Apple to Remove YouTube App From iPhone and iPad,2012,2012Q3,-0.9965644478797913
406,What You Can Do to Better Protect Your Apple Account,2012,2012Q3,-0.9994269609451294
407,"The Breakfast Meeting: Sikh Temple Shooter’s Hate-Filled Music, and the Apple-Google Chill",2012,2012Q3,-0.9814963936805725
408,Apple Stops Password Resets Over the Phone,2012,2012Q3,-0.9974090456962585
409,TimesCast Tech: Apple Freezes Password Changes After Hacking,2012,2012Q3,-0.9982740879058838
410,Judge Urges Apple and Samsung to Settle Their Patent Dispute,2012,2012Q3,-0.9910373687744141
411,"In Apple’s Patent Case, Tech Shifts May Follow",2012,2012Q3,-0.9546012282371521
412,Secrets Learned in Apple-Samsung Trial,2012,2012Q3,0.5594220161437988
413,Daily Report: Apple-Samsung Decision Could Have Wide Impact,2012,2012Q3,-0.5713714361190796
414,"Apple Becomes the Most Valuable Public Company Ever, With an Asterisk",2012,2012Q3,0.9997794032096863
415,Business Day Live: Facebook and Apple,2012,2012Q3,0.9910872578620911
416,Why Apple Might be Better Off Losing Its Patent Lawsuit,2012,2012Q3,-0.9994257688522339
417,Jury Awards $1 Billion to Apple in Samsung Patent Case,2012,2012Q3,-0.8580032587051392
418,Apple Beats Samsung: First Reactions,2012,2012Q3,0.9964433312416077
419,Apple-Samsung Case Shows Smartphone as Legal Magnet,2012,2012Q3,-0.895106315612793
420,How the Jury Decided in the Apple-Samsung Patent Case,2012,2012Q3,0.9274687767028809
421,Apple Case Muddies the Future of Innovations,2012,2012Q3,-0.9994603991508484
422,"Daily Report: After Apple-Samsung Verdict, Concern About Innovation",2012,2012Q3,0.9616869688034058
423,Apple Seeks Order Blocking Sale of Samsung Products,2012,2012Q3,-0.9987794756889343
424,Samsung Case Puts Apple Closer to Google Fight,2012,2012Q3,-0.9341816306114197
425,"The Breakfast Meeting: Isaac Still Stealing the Show, and Signs of Apple v. Google",2012,2012Q3,-0.9987781643867493
426,Daily Report: Samsung Verdict Puts Apple Closer to Google Fight,2012,2012Q3,-0.9344273209571838
427,Business Day Live | Apple's Victory,2012,2012Q3,0.9994995594024658
428,Apple Rejects App Tracking Drone Strikes,2012,2012Q3,-0.9978165626525879
429,Tokyo Court Hands Win to Samsung Over Apple,2012,2012Q3,0.9932177662849426
430,Rivals Jostle Before Apple Announces New iPhone,2012,2012Q3,-0.5534397959709167
431,Apple Confirms Sept. 12 Event,2012,2012Q3,0.9914802312850952
432,Hackers Claim to Have 12 Million Apple Device Records,2012,2012Q3,-0.9976837635040283
433,Apple Denies Giving F.B.I. Device Information,2012,2012Q3,-0.9986886382102966
434,Today’s Scuttlebot:  iPhone 5 Video and Apple TV Delay,2012,2012Q3,-0.9970728158950806
435,Apple Plans Web Radio Challenge to Pandora,2012,2012Q3,-0.9623529314994812
436,Daily Report: Apple Plans a Move Into Streaming Music,2012,2012Q3,0.9734520316123962
437,"The Breakfast Meeting: New Amazon Devices, and Apple’s Plans for Digital Radio",2012,2012Q3,-0.903578519821167
438,Amazon and Apple’s Giant Markups on Flash Storage,2012,2012Q3,0.9222354888916016
439,Apple as the Last Hope for Growth in Business PCs,2012,2012Q3,-0.981468915939331
440,The Patent Clues to the Apple iPhone Beyond ‘5’,2012,2012Q3,-0.9489099979400635
441,Updates From the Apple iPhone 5 Event,2012,2012Q3,0.7976793050765991
442,Ask Us Your Questions About Apple’s Announcements,2012,2012Q3,-0.7727235555648804
443,Apple Unveils an iPhone That Is Lighter and More Powerful,2012,2012Q3,0.9995293617248535
444,"Design Thrills Apple’s Partners, but Will Cost Users",2012,2012Q3,0.9222807288169861
445,"At Apple Event, With Secrets Spilled, No Surprises",2012,2012Q3,-0.9990397095680237
446,Answers to Your Questions About Apple’s iPhone 5,2012,2012Q3,0.9713869094848633
447,"Despite Lack of Surprises, Apple Sells 2 Million New iPhones",2012,2012Q3,-0.9512074589729309
448,Samsung-Apple Fight Moves to Marketing,2012,2012Q3,-0.6950847506523132
449,Google Updates Android Maps App as Apple Moves On,2012,2012Q3,-0.6990638971328735
450,Samsung Takes More Swipes at Apple in Latest Ad,2012,2012Q3,-0.9944242835044861
451,Apple’s iPhone Update Leaves Out Google’s Maps,2012,2012Q3,-0.998345136642456
452,"Daily Report: Apple Releases Its Mobile Maps, Glitches and All",2012,2012Q3,-0.9300104975700378
453,RIM Innovates and Then Waits as Apple Moves Ahead,2012,2012Q3,-0.900239109992981
454,"Pandora Keeps Growing, but Apple’s Plans Add to the Uncertainty",2012,2012Q3,-0.9689587354660034
455,Today’s Scuttlebot: Bad Apple Maps and Wi-Fi on Planes,2012,2012Q3,-0.9998190999031067
456,Apple on Its iOS 6 Maps: Things Can Only Get Better,2012,2012Q3,-0.9947807192802429
457,Poking Fun at Apple’s New Maps,2012,2012Q3,0.9831480979919434
458,Has Apple Peaked?,2012,2012Q3,-0.96068274974823
459,Disruptions: Will Apple Be the First to Break $1 Trillion?,2012,2012Q3,-0.9985882639884949
460,Apple’s Feud With Google Is Now Felt on iPhone,2012,2012Q3,-0.9863827228546143
461,Daily Report: Apple’s Feud With Google Is Now on the iPhone Screen,2012,2012Q3,-0.9277461171150208
462,Apple Sells Five Million New iPhones,2012,2012Q3,0.9738094806671143
463,Apple Maps Errors Send Japanese to Homegrown App,2012,2012Q3,-0.9987597465515137
464,Japanese Look for Alternatives to Apple’s Maps,2012,2012Q3,-0.8861500024795532
465,Apple’s Competitors Pile On With Map Critiques,2012,2012Q3,-0.9995018243789673
466,"Efterklang, Tonight at the Apple Store in SoHo",2012,2012Q3,0.924655020236969
467,Tim Cook Apologizes for Apple’s Maps,2012,2012Q3,-0.9993352293968201
468,"As Apple’s Maps Stumbles, AOL’s MapQuest Flourishes",2012,2012Q3,0.9963538646697998
469,Apple’s Plans for Internet Radio Run Up Against Big Music Publisher,2012,2012Q3,-0.9984135627746582
470,Apple Apologizes for Misstep on Maps,2012,2012Q3,-0.9985069632530212
471,"Today’s Scuttlebot: Debate Animations, and Apple’s Taiwanese Network",2012,2012Q4,-0.9922245740890503
472,"List of Global Brands Keeps Coke on Top, and Apple Jumps Up",2012,2012Q4,0.9985679388046265
473,Today’s Scuttlebot: Browser Wars and the Ultimate Apple Maps Image,2012,2012Q4,-0.9929083585739136
474,Map Apps to Bypass the Rivalry of Google and Apple,2012,2012Q4,0.9723020792007446
475,The Shadow of Steve Jobs in Apple’s Maps Push,2012,2012Q4,-0.9728599786758423
476,"With Steve Jobs Tribute, a Home Page Reflects Apple’s Founder Again",2012,2012Q4,0.9993639588356018
477,Walkabout — 10/8: An Unending Check In and The Bright Side of Apple Maps,2012,2012Q4,0.9948998093605042
478,IPhone 5 Shortage Spooks Apple Investors,2012,2012Q4,-0.9996166229248047
479,"Useful New Tools, and Some Diversions, for Apple’s New Phone",2012,2012Q4,0.9431961178779602
480,Apple Likely to Introduce Smaller iPad in October Event,2012,2012Q4,0.6331779956817627
481,Apple Expected to Unveil Smaller iPad Oct. 23,2012,2012Q4,-0.8492161631584167
482,Decoding Apple’s Media Invitation,2012,2012Q4,-0.9613561034202576
483,Updates From Apple’s Product Event,2012,2012Q4,0.9445022344589233
484,"Apple, Facing Competition, Introduces a Smaller iPad",2012,2012Q4,0.9690842032432556
485,Apple Has Only One Place to Go: Your Wall,2012,2012Q4,-0.999413251876831
486,U.S. Disavows Patent at Center of Apple-Samsung Dispute,2012,2012Q4,-0.9946152567863464
487,Apple Takes On Smaller Tablets,2012,2012Q4,-0.9760520458221436
488,TimesCast Media + Tech: Apple’s Smaller Tablets,2012,2012Q4,-0.8221519589424133
489,Big Apple Circus,2012,2012Q4,-0.977081835269928
490,Apple Profit Rises 24% on Sales of iPhone 5,2012,2012Q4,0.9078601002693176
491,"Daily Report: Apple Has Higher Profit, While Amazon Has a Loss",2012,2012Q4,-0.9961793422698975
492,Disruptions: You Know You Can’t Live Without Apple’s Latest Glass Rectangle,2012,2012Q4,-0.9909221529960632
493,"Like Apple, Google Now Has Devices That Come in Three Sizes",2012,2012Q4,0.976571798324585
494,"In Shake-Up, Apple’s Mobile Software and Retail Chiefs to Depart",2012,2012Q4,-0.9980996251106262
495,Daily Report: A Shake-Up at Apple,2012,2012Q4,0.9708532691001892
496,Digital Notes: Apple Delays Latest iTunes Upgrade,2012,2012Q4,-0.9984301924705505
497,Apple Shake-Up Could Lead to Design Shift,2012,2012Q4,-0.9881638884544373
498,Apple’s Nostalgic Design Style,2012,2012Q4,0.9992648959159851
499,Daily Report: Apple Shake-Up May Lead to Design Shift,2012,2012Q4,-0.9942976832389832
500,"The Breakfast Meeting: The Marketing Uses of a Hurricane, and Apple’s Aesthetic Battles",2012,2012Q4,-0.9914231896400452
501,"Today’s Scuttlebot: Apple Rewrite, and Drones in the U.S.",2012,2012Q4,-0.9933944344520569
502,"Apple Sells Three Million New iPads, Including Mini, in One Weekend",2012,2012Q4,0.9469857215881348
503,Apple’s iPad Lineup Gets More Complex,2012,2012Q4,0.8213494420051575
504,Product Questions and Threats of Higher Tax Hit Apple Shares,2012,2012Q4,-0.9991675615310669
505,Daily Report: Apple Shares Under Pressure,2012,2012Q4,-0.9962689876556396
506,Apple Settles Patent Suit With HTC,2012,2012Q4,-0.6907113790512085
507,"As Apple’s Battle With HTC Ends, Smartphone Patent Fights Continue",2012,2012Q4,-0.9846361875534058
508,"Daily Report: After Apple-HTC Settlement, Other Patent Fights Linger",2012,2012Q4,-0.984946608543396
509,Apple Maps Find Appalachia in Manhattan,2012,2012Q4,0.9886592626571655
510,"Today’s Scuttlebot: Dell’s Apple Ad, and Analyzing Groupon",2012,2012Q4,-0.9960424900054932
511,Parallel Exits at Microsoft and Apple,2012,2012Q4,-0.9997022747993469
512,TimesCast  Media + Tech: Parallels in Departures at Microsoft and Apple,2012,2012Q4,-0.9952291250228882
513,Apple Now Owns the Page Turn,2012,2012Q4,0.9911907911300659
514,Apple and the Desire for Control,2012,2012Q4,-0.7968363165855408
515,Apple Pear Strudel With Dried Fruit and Almonds,2012,2012Q4,-0.9220973253250122
516,Fiona Apple Postpones Tour to Care for Dying Dog,2012,2012Q4,-0.9883849620819092
517,"The Breakfast Meeting: Managing the Petraeus Scandal, and Fiona Apple’s Loyalty to Her Dog",2012,2012Q4,0.9986099004745483
518,Apple and Google’s Tax on Developers,2012,2012Q4,-0.9828421473503113
519,Apple Fires a Manager Over Its Misfire on Maps,2012,2012Q4,-0.9989129304885864
520,Apple Rolls Out a Cleaner iTunes,2012,2012Q4,-0.994042694568634
521,Apple Ad Alumni Get Backing From Google Ventures,2012,2012Q4,-0.9827070832252502
522,Ex-Trader at Rochdale Is Arrested After $1 Billion Trade in Apple,2012,2012Q4,-0.9851266741752625
523,"In Shift of Jobs, Apple Will Make Some Macs in U.S.",2012,2012Q4,0.9646528959274292
524,Daily Report: Apple to Bring Some Manufacturing to U.S.,2012,2012Q4,0.9958208799362183
525,Does Apple’s Tim Cook Want an Apple Television?,2012,2012Q4,-0.9985937476158142
526,T-Mobile Will Sell Apple Devices in 2013,2012,2012Q4,0.83975750207901
527,Assessing Apple's Grand Statement,2012,2012Q4,0.9992289543151855
528,Apple and Samsung Tangle on Damages and Juror,2012,2012Q4,-0.995453953742981
529,"Today’s Scuttlebot: GIF History, and Samsung vs. Apple",2012,2012Q4,-0.9968056678771973
530,Why Apple Got a ‘Made in U.S.A.’ Bug,2012,2012Q4,-0.9996242523193359
531,Sweet Potato and Apple Latkes With Ginger and Sweet Spices,2012,2012Q4,0.9971643090248108
532,"While Apple Regroups, Google Offers a Maps App",2012,2012Q4,0.7399768829345703
533,Daily Report: Apple Approves a Google Maps App,2012,2012Q4,0.9686160087585449
534,Samsung Ends Its Push for a European Sales Ban on Some Apple Products,2012,2012Q4,-0.983887255191803
535,U.S. Office Rejects 2nd Apple Patent,2012,2012Q4,-0.96234130859375
536,"Revisiting Apple, NBC and Gay Marriage",2012,2012Q4,0.9941384792327881
537,Apple’s Statement on Factory Conditions in China,2012,2012Q4,0.6779202818870544
538,Some Subway Arrival Times Are Now Just an Apple Device Away,2012,2012Q4,-0.9996786117553711
539,Q&A: How to Share an Apple TV,2012,2012Q4,0.994128942489624
540,Providing a Template to Challenge Apple,2013,2013Q1,0.9975237250328064
541,"The 2012 Patent Rankings: IBM on Top (Again), Google and Apple Surging",2013,2013Q1,0.544055163860321
542,Digital Notes: Amazon Enters Apple’s Phones to Compete on Music Downloads,2013,2013Q1,-0.9016803503036499
543,TSMC Anticipates Big Orders. Is Apple One of Them?,2013,2013Q1,-0.9860376715660095
544,"Heady Returns, but Apple Finds Its Stock Falling",2013,2013Q1,-0.999631404876709
545,Does Apple Need a Cheaper iPhone?,2013,2013Q1,-0.9986476302146912
546,Daily Report: Apple’s Stock Drops Despite Huge Profit,2013,2013Q1,-0.9996935129165649
547,"For Investors, Apple Not as Shiny",2013,2013Q1,-0.9995379447937012
548,"Video: For Investors, Apple Not as Shiny",2013,2013Q1,-0.9992616772651672
549,Apple Takes Aim at Providers of Underage Laborers,2013,2013Q1,-0.9944314360618591
550,"Apple May Be Big, but It Isn’t a Bellwether",2013,2013Q1,-0.9144433736801147
551,Apple to Highlight Self-Published Books,2013,2013Q1,0.9857075810432434
552,Apple’s iPad Dominated PC Market During Holiday Season,2013,2013Q1,-0.8145998120307922
553,Einhorn Sues Apple Over Plan to Discard Preferred Stock,2013,2013Q1,-0.999196469783783
554,Einhorn’s Apple Suit Fits a History of Public Calls,2013,2013Q1,0.998370349407196
555,Apple Responds to Einhorn Proposal: We’ll Think About It,2013,2013Q1,0.9984386563301086
556,Unwieldy Proposals From Einhorn and Apple,2013,2013Q1,-0.993598461151123
557,Einhorn Versus Apple,2013,2013Q1,-0.8998913168907166
558,Following a Herd of Bulls on Apple,2013,2013Q1,-0.9203881621360779
559,Disruptions: Where Apple and Dick Tracy May Converge,2013,2013Q1,-0.9984254837036133
560,Apple’s Big Spending Competitor,2013,2013Q1,0.9890788197517395
561,Samsung Emerges as a Potent Rival to Apple’s Cool,2013,2013Q1,0.9992092251777649
562,Daily Report: Samsung Emerges as a Potent Rival to Apple’s Cool,2013,2013Q1,0.9984007477760315
563,Samsung vs. Apple: The Capital Spending Battlefield,2013,2013Q1,-0.9862574934959412
564,"Today’s Scuttlebot: The Next Big Thing, and the Apple-Samsung Partnership",2013,2013Q1,-0.9642385244369507
565,Why Apple Is Working on an iWatch and Not iGlasses,2013,2013Q1,-0.9974327683448792
566,Apple Chief Hints at Shareholder Rewards to Come,2013,2013Q1,0.998482882976532
567,Unusual Moves in Confronting Apple’s Huge Pile of Cash,2013,2013Q1,0.984150767326355
568,How Lightning Tightens Apple’s Control Over Accessories,2013,2013Q1,-0.9740095138549805
569,Apple Computers Hit by Sophisticated Cyberattack,2013,2013Q1,0.9075115323066711
570,Court Gives Investor an Edge in a Lawsuit Against Apple,2013,2013Q1,0.9959190487861633
571,"In Apple Fight, Einhorn Unveils ‘iPrefs’",2013,2013Q1,0.9770246744155884
572,Apple Filed Patent for Flexible Wrist Display,2013,2013Q1,-0.6384946703910828
573,Judge Sides With Einhorn and Halts an Apple Shareholder Vote,2013,2013Q1,-0.9986053109169006
574,"Finding Ways to Say Thanks, Other Than Apple Pie",2013,2013Q1,0.9760974645614624
575,Why Einhorn’s Win May Be Apple’s Gain,2013,2013Q1,0.9840287566184998
576,Apple Agrees to Settle Lawsuit Over App Purchases by Children,2013,2013Q1,0.6131370067596436
577,Apple Award Winner Teaches With ‘Avalanche’,2013,2013Q1,0.5530850887298584
578,Judge Cuts Sum Owed to Apple Over Patents,2013,2013Q1,-0.9747669100761414
579,Q&A: Keyboarding With an Apple TV,2013,2013Q1,-0.9811723828315735
580,Apple’s Internet Radio Service Said to Be Delayed,2013,2013Q1,-0.999326229095459
581,Daily Report: Samsung Invades Apple’s Turf,2013,2013Q1,-0.9989907145500183
582,"Intertrust Sues Apple, Charging Patent Violations",2013,2013Q1,-0.9982631802558899
583,Apple Strengthens iCloud Security With 2-Step Authentication,2013,2013Q1,0.9940136075019836
584,Apple Plugs Password Security Hole,2013,2013Q1,-0.996319055557251
585,"With Acquisition, Apple Looks Indoors for Future of Maps",2013,2013Q1,-0.9942684173583984
586,Apple of Discord in China,2013,2013Q2,0.9781891703605652
587,"Pressured by China, Apple Apologizes for Warranty Policies",2013,2013Q2,-0.9985859394073486
588,"Daily Report: Pressured by China, Apple Apologizes for Warranty Policies",2013,2013Q2,-0.9971338510513306
589,Today’s Scuttlebot:  Wireless Pain and Apple Paychecks,2013,2013Q2,-0.9930203557014465
590,Public Theater Season to Include ‘Fun Home’ and New Apple Family Series Play,2013,2013Q2,0.9977580904960632
591,Google Emulates Apple in Restricting Apps for Glass,2013,2013Q2,-0.9834355711936951
592,Amazon Takes a Nibble Out of Apple iTunes Downloads,2013,2013Q2,-0.9938403367996216
593,"After Apple’s Rise, a Bruising Fall",2013,2013Q2,-0.999448835849762
594,Daily Report: Apple’s Profits Are Strong but Its Shares Are Skidding,2013,2013Q2,-0.9987164735794067
595,"This Week in Small Business: Apple, Gold and Cupcakes",2013,2013Q2,0.9969594478607178
596,"The Check Is in the Mail, From Apple",2013,2013Q2,-0.9922198057174683
597,"Apple’s Buyback Takes a Bite Out of Its Cash Pile, Temporarily",2013,2013Q2,-0.9945789575576782
598,"As Profit Slips, Apple Looks to Reward Shareholders",2013,2013Q2,-0.9717487096786499
599,Einhorn Supports Apple’s Big Payouts,2013,2013Q2,0.9959630370140076
600,Comparing the Valuations Behind Amazon and Apple Shares,2013,2013Q2,-0.8230232000350952
601,Apple and the Debt Market,2013,2013Q2,-0.803692102432251
602,"To Satisfy Its Investors, Cash-Rich Apple Borrows Money",2013,2013Q2,-0.9974759221076965
603,Apple’s Debt Market Foray,2013,2013Q2,-0.9291319251060486
604,Apple’s Move Keeps Profit Out of Reach of Taxes,2013,2013Q2,0.9899855852127075
605,Accessories No Longer Tethered to Apple,2013,2013Q2,-0.9980573058128357
606,Daily Report: Apple’s Grip on Accessories Is Slipping,2013,2013Q2,-0.9996885061264038
607,Samsung Could Soon Surpass Apple in Handset Profit,2013,2013Q2,-0.8575001955032349
608,"Pleased by Apple’s Move, Einhorn Raises His Bet",2013,2013Q2,0.9997981190681458
609,Apple’s Peter Oppenheimer Is Highest Paid Finance Chief,2013,2013Q2,0.9995346069335938
610,U.S. Now Paints Apple as ‘Ringmaster’ in Its Lawsuit on E-Book Price-Fixing,2013,2013Q2,-0.9948158860206604
611,Daily Report: Prosecutors Say Apple Had Greater Role in Fixing E-Book Prices,2013,2013Q2,-0.9923146367073059
612,Google Isn’t Afraid of Building for Apple’s Turf,2013,2013Q2,0.9331729412078857
613,Apple Fights Back in Antitrust Case Over E-Book Prices,2013,2013Q2,-0.9779350757598877
614,"Daily Report: Workweek Still Too Long at Apple Supplier, Audit Says",2013,2013Q2,-0.9991301894187927
615,Today’s Scuttlebot: Apple’s Tax Plan and Virtual Biology,2013,2013Q2,-0.9976588487625122
616,Apple Stores Are Bringing In More Money Per Visitor Than Ever,2013,2013Q2,-0.5787949562072754
617,Senate Panel Is Expected to Castigate Apple on Tax Tactics,2013,2013Q2,-0.9750857353210449
618,"Apple’s Web of Tax Shelters Saved It Billions, Panel Finds",2013,2013Q2,0.7956611514091492
619,Apple’s Tax Avoidance Strategies,2013,2013Q2,-0.9750956892967224
620,Apple’s International Structure,2013,2013Q2,0.9991798996925354
621,Apple and Tax Avoidance,2013,2013Q2,-0.9833816289901733
622,Live Blog: Apple and Corporate Taxes,2013,2013Q2,0.7778146266937256
623,Daily Report: Apple’s Tax Practices Under Scrutiny,2013,2013Q2,-0.9908490180969238
624,"Even Before Apple Tax Breaks, Ireland’s Policy Had Its Critics",2013,2013Q2,0.9833508133888245
625,"Disarming Senators, Apple Chief Eases Tax Tensions",2013,2013Q2,-0.5347628593444824
626,Finding the Economic Roots of Apple’s Taxable Product,2013,2013Q2,0.9960188269615173
627,One Response to Apple Tax Strategy May Be to Copy It,2013,2013Q2,-0.9934740662574768
628,Daily Report: Apple’s Chief Charms Capitol Hill,2013,2013Q2,0.9991586208343506
629,Torches and Pitchforks for I.R.S. but Cheers for Apple,2013,2013Q2,0.9981738328933716
630,How Apple Keeps Its Tax Bill Down,2013,2013Q2,-0.9930428266525269
631,The Corrosive Effect of Apple’s Tax Avoidance,2013,2013Q2,-0.9934729933738708
632,"Daily Report: An Early Apple Computer for More Than $100,000",2013,2013Q2,-0.6718716025352478
633,How Vintage Apple Computers Used to Sell,2013,2013Q2,0.9943622350692749
634,"Vintage Apple-1 Sells for Record $671,400",2013,2013Q2,-0.7996223568916321
635,The C.E.O. Triumphant (at Least at Apple and Chase),2013,2013Q2,0.9990813732147217
636,Has Apple Lost Its Cool? Its Chief Says No,2013,2013Q2,-0.9997509121894836
637,Former E.P.A. Administrator Joins Apple,2013,2013Q2,0.9889301657676697
638,Trial on E-Book Price-Fixing Puts Apple in Spotlight,2013,2013Q2,0.996864378452301
639,Apple Is Said to Be Pressing for Internet Radio Deals,2013,2013Q2,-0.994699239730835
640,U.S. Cites Phone Calls in Apple Pricing Case,2013,2013Q2,-0.9614467024803162
641,Daily Report: Apple Cast as ‘Ringmaster’ in E-Book Pricing Case,2013,2013Q2,-0.9533250331878662
642,Add Google’s Street View to Apple Maps,2013,2013Q2,0.9749596118927002
643,Calculating Apple’s True U.S. Tax Rate,2013,2013Q2,-0.8460595011711121
644,"In China, an Empire Built by Aping Apple",2013,2013Q2,-0.658452570438385
645,"Apple Violates Samsung Patent, U.S. Trade Panel Says",2013,2013Q2,-0.9875593781471252
646,Samsung May Have Passed Apple in U.S. — for Now,2013,2013Q2,-0.8711363077163696
647,Publishers Tell of Disputes With Apple on E-Book Prices,2013,2013Q2,-0.9867557287216187
648,Apple Enters Net Radio’s Busy Field,2013,2013Q2,-0.7767202258110046
649,Highlights From Apple’s Conference Keynote,2013,2013Q2,0.9987836480140686
650,"From Apple, an Overhaul for Mobile and the Mac",2013,2013Q2,-0.6782209873199463
651,Highlights From Apple’s WWDC,2013,2013Q2,0.9990044236183167
652,"Daily Report: In Revamping, Apple Wants to Show It Can Still Innovate",2013,2013Q2,-0.9167443513870239
653,Love and Hate for Apple’s New Mobile Software,2013,2013Q2,0.9735429883003235
654,Today’s Scuttlebot: Bitcoin Sell-Off and an Apple Star,2013,2013Q2,-0.968904972076416
655,Apple Negotiator Defends Tactics in E-Book Trial,2013,2013Q2,-0.9621496796607971
656,Apple Releases Some Data on Government Requests,2013,2013Q2,-0.9739726185798645
657,Apple Executive Defends Pricing in Case on E-Books,2013,2013Q2,-0.9584704637527466
658,Apple and Netflix Dominate Online Video,2013,2013Q2,-0.9677231907844543
659,"Outcome of E-Book Case Could Hurt Competition, Apple Lawyer Says",2013,2013Q2,-0.9877925515174866
660,Daily Report: Apple Says Antitrust Case Challenges Way Most Business Is Done,2013,2013Q2,-0.982123076915741
661,Apple Urges Trade Agency to Stop Product Ban,2013,2013Q2,-0.9791852831840515
662,Apple’s Trademark of ‘iWatch’ Fuels Speculation,2013,2013Q3,-0.9830542206764221
663,Regulator in France Raids Office of Apple,2013,2013Q3,-0.996174693107605
664,Motorola Ad Seems to Catch the ‘Made in U.S.A.’ Bug From Apple,2013,2013Q3,-0.9997034668922424
665,6 Smartphones to Rival Apple in China,2013,2013Q3,0.9865404963493347
666,A Better Google Maps App for Apple and Android Devices,2013,2013Q3,0.5461941957473755
667,Fallout From Apple’s Loss on E-Books,2013,2013Q3,-0.9996422529220581
668,Key Excerpts From the Apple E-Books Ruling,2013,2013Q3,-0.5817476511001587
669,"Three Goddesses, One Golden Apple. Do the Math.",2013,2013Q3,0.9991868138313293
670,Daily Report: Apple Ruling Strengthens Amazon’s Powerful Hand,2013,2013Q3,0.9989891648292542
671,"Microsoft Overhauls, the Apple Way",2013,2013Q3,-0.9394089579582214
672,Daily Report: Apple Works With TV Industry on ‘Grand Vision’,2013,2013Q3,0.9956194758415222
673,Apple Buys 2 Mapping Companies,2013,2013Q3,0.6023128628730774
674,"From Apple to Nest Labs,  Always a Designer",2013,2013Q3,0.9962590932846069
675,Apple Tops Expectations on Strong iPhone Sales,2013,2013Q3,0.9995007514953613
676,Daily Report: Apple Earnings Beat Expectations Despite Weaker Sales in China,2013,2013Q3,0.8891382813453674
677,What Are Apple’s ‘Amazing’ New Products?,2013,2013Q3,0.9986949563026428
678,Longtime Apple Leader Drops Out of Executive Team,2013,2013Q3,-0.9996022582054138
679,Apple Sued by Former Retail Workers for Unpaid Wages,2013,2013Q3,-0.9981269240379333
680,Is Google More Like Microsoft or Apple?,2013,2013Q3,-0.9908627271652222
681,U.S. Proposes Solutions for Apple’s E-Book Price-Fixing,2013,2013Q3,-0.9085223078727722
682,Obama Administration Overturns Ban on Apple Products,2013,2013Q3,-0.9880834221839905
683,Apple Pays Dearly for Price-Fixing,2013,2013Q3,-0.5326547026634216
684,Patent Case Has Potential to Give Apple the Upper Hand,2013,2013Q3,0.9919446110725403
685,Daily Report: Patent Case May Give Apple an Advantage,2013,2013Q3,0.7590023875236511
686,‘Apple Family’ Changes Sister for Final Play,2013,2013Q3,0.9521178603172302
687,Judge Considers Limits on Apple’s Future E-Book Deals,2013,2013Q3,-0.9679353833198547
688,Icahn Says He Has Large Stake in Apple,2013,2013Q3,0.9885472059249878
689,Today’s Scuttlebot: Larry Ellison on Apple Going Down and Google’s ‘Evil’ Things,2013,2013Q3,-0.995311975479126
690,Icahn’s Plans for Apple Could Benefit Shareholders,2013,2013Q3,-0.9877213835716248
691,Portrait of the Artist Behind Apple,2013,2013Q3,0.9992029070854187
692,Taxi Commission Targets Apple-Green Impostor Cabs,2013,2013Q3,-0.9991326928138733
693,"Icahn Tweets Dinner Plans With Apple’s Chief, and Investors Applaud",2013,2013Q3,0.9628458619117737
694,"Apple and Microsoft, Then and Now",2013,2013Q3,0.9578970074653625
695,On The Symmetry Between Microsoft And Apple,2013,2013Q3,0.9918721318244934
696,Judge Wants Narrow Focus in Apple Price-Fixing Penalty,2013,2013Q3,-0.9984094500541687
697,Apple Expands iPhone Trade-In Program to Its Stores,2013,2013Q3,0.9947053790092468
698,"In Nokia, Microsoft Bets on Apple-Like Revival",2013,2013Q3,-0.975712239742279
699,Daily Report: Microsoft Seeks to Emulate Apple’s Revival With Nokia Purchase,2013,2013Q3,-0.9708178639411926
700,Judge Sets Restrictions for Apple on E-Books,2013,2013Q3,-0.9816606044769287
701,Disruptions: Apple’s Next Unveiling Could Make or Break a Business,2013,2013Q3,-0.9993810653686523
702,Apple Is Set to Announce Two iPhones,2013,2013Q3,0.8818650245666504
703,Highlights and Analysis of Apple’s iPhone Event,2013,2013Q3,0.9987136125564575
704,Apple Announcement: Design,2013,2013Q3,0.9896935820579529
705,Apple Announcement: Android Competition,2013,2013Q3,-0.7529091835021973
706,Apple Announcement: Emerging Markets,2013,2013Q3,0.9975690245628357
707,Your Apple Questions Answered Here,2013,2013Q3,0.5900352597236633
708,"Apple Unveils Faster iPhone, and a Cheaper One, Too",2013,2013Q3,0.9572044610977173
709,Surprising Enhancements to Apple’s iPhone Line,2013,2013Q3,0.9995484948158264
710,Apple Is Challenged to Innovate Its Flagship,2013,2013Q3,-0.9937864542007446
711,"With iTunes Radio, Apple Takes Aim at Pandora",2013,2013Q3,-0.9923364520072937
712,Buy! Sell! Hold! Analysts Offer Different Views on Apple,2013,2013Q3,0.985684871673584
713,"Despite Early Criticism, Apple’s iOS 7 Quickly Gains Traction",2013,2013Q3,0.9992830157279968
714,Apple Sells Nine Million New iPhones in First Weekend,2013,2013Q3,0.9794360399246216
715,"Today’s Scuttlebot: Oracle’s Sailing Success, and an Apple Maps Oops",2013,2013Q3,0.9929922819137573
716,"Death, Up an Apple Tree",2013,2013Q3,-0.9994698166847229
717,Apple Passes Coca-Cola as Most Valuable Brand,2013,2013Q3,0.956885576248169
718,New Hires Suggest Apple’s Interest in TV Continues,2013,2013Q4,0.9630952477455139
719,The Pick of the Apple Orchard,2013,2013Q4,0.9958778619766235
720,"With iOS 7 Upgrade, Podcasts Move to an Apple App",2013,2013Q4,-0.5983166098594666
721,Apple Hires Burberry Chief to Polish Image of Online Stores,2013,2013Q4,-0.907576322555542
722,Edited Viral Video Used for Motivation at Apple,2013,2013Q4,-0.9964302182197571
723,Highlights and Analysis From Apple’s Event,2013,2013Q4,0.9987805485725403
724,Apple Targets Microsoft Office With Free Apps,2013,2013Q4,-0.994096040725708
725,Apple Exploits Microsoft Hesitation on Office,2013,2013Q4,-0.9863170981407166
726,Today’s Scuttlebot: Apple’s Tablet Focus and the GIF Wars Redux,2013,2013Q4,-0.995692789554596
727,"Daily Report: Apple Challenges Microsoft, Offering Free Apps",2013,2013Q4,-0.9715906977653503
728,Longing for the ‘Wow’ at Apple’s Product Showcases,2013,2013Q4,0.9022141098976135
729,"Icahn Amps Up Pressure on Apple, but His Stake Limits His Leverage",2013,2013Q4,-0.9978935122489929
730,Big Deal for Big Apple: 7 Balls at Warp Speed,2013,2013Q4,0.6059899926185608
731,Another Way Samsung Can Copy Apple,2013,2013Q4,-0.9960190653800964
732,Apple’s Profit Falls Despite Higher Sales of iPhones,2013,2013Q4,-0.9992865920066833
733,Cracking the Apple Trap,2013,2013Q4,-0.9931548833847046
734,"Daily Report: Though iPhone Sales Climb, Apple’s Profit Falls",2013,2013Q4,-0.9994706511497498
735,The Revolution Is Not an Apple,2013,2013Q4,-0.9997143149375916
736,Apple Releases Report on Government Requests,2013,2013Q4,-0.945241391658783
737,Apple Tart With Almond Topping in a Gluten-Free Shell,2013,2013Q4,-0.5117312669754028
738,Jury to Decide How Much More Samsung Must Pay Apple in Patent Case,2013,2013Q4,-0.993979811668396
739,Tax Authorities in Italy Put Apple Under Investigation,2013,2013Q4,-0.9969304203987122
740,"Getting Up to Speed With an Apple TV, and Ditching Android Widgets",2013,2013Q4,-0.9997205138206482
741,Claudia Fleming's Apple Crumb Crostata,2013,2013Q4,-0.9960246086120605
742,Jury Tells Samsung to Pay Apple $290 Million,2013,2013Q4,-0.9926778078079224
743,Verdict in Apple-Samsung Damages Trial,2013,2013Q4,-0.9697529077529907
744,Daily Report: Apple Awarded $290 Million in Patent Dispute With Samsung,2013,2013Q4,-0.982958972454071
745,Heralding the Holidays With an Apple Crostata,2013,2013Q4,0.9847415089607239
746,Apple Buys 3-D Sensor Company PrimeSense,2013,2013Q4,-0.9765927791595459
747,In Performance: The Apple Family Plays,2013,2013Q4,0.9990962743759155
748,"For Apple, 3-D Sensors Have Potential Beyond TV",2013,2013Q4,0.9931235909461975
749,"Apple’s Pages, Going the Distance With Word",2013,2013Q4,0.6776944398880005
750,"Apple Buys Topsy, a Social Media Analytics Firm",2013,2013Q4,0.9526081085205078
751,Icahn Discloses Latest Push for an Apple Buyback,2013,2013Q4,-0.9840427041053772
752,Roasted Apple and Blue Cheese Tart,2013,2013Q4,0.9334505200386047
753,A Savory Apple Tart Revives the Party,2013,2013Q4,0.9995571970939636
754,Worker Deaths Raise Questions at an Apple Contractor in China,2013,2013Q4,-0.9971049427986145
755,Worker Deaths Raise Questions at an Apple Contractor in China,2013,2013Q4,-0.9971049427986145
756,Apple Family Plays to Be Filmed for PBS,2013,2013Q4,-0.9890589118003845
757,Korean Court Rejects Samsung Lawsuit Against Apple,2013,2013Q4,-0.8604056239128113
758,Eating With the Apple Family,2013,2013Q4,0.9967748522758484
759,Apple Says ‘Beyoncé’ Set a Record on iTunes,2013,2013Q4,0.9952966570854187
760,China Deal Gives Apple Big Market to Court,2013,2013Q4,0.9992254972457886
761,Daily Report: Apple Signs iPhone Deal With China Mobile,2013,2013Q4,-0.8070526719093323
762,"Today’s Scuttlebot: The Lost Year of Tech, and Inside Apple",2013,2013Q4,-0.9962182641029358
763,Apple Says It Is ‘Unaware’ of N.S.A. iPhone Hack Program,2013,2013Q4,-0.9994019269943237
